{"120363399707841760@newsletter":{"approved":false,"messageCount":1},"120363350074981237@newsletter":{"approved":false,"messageCount":7},"2348033956837@s.whatsapp.net":{"approved":true,"messageCount":0},"120363352087070233@newsletter":{"approved":false,"messageCount":1},"120363420305811672@newsletter":{"approved":false,"messageCount":6},"120363400253775880@newsletter":{"approved":false,"messageCount":2},"120363338469363799@newsletter":{"approved":false,"messageCount":3},"263781315055@s.whatsapp.net":{"approved":true,"messageCount":0},"120363418929897261@newsletter":{"approved":false,"messageCount":1},"120363416831633302@newsletter":{"approved":false,"messageCount":1},"120363418485111392@newsletter":{"approved":false,"messageCount":1},"120363364970252093@newsletter":{"approved":false,"messageCount":2},"120363404167295672@newsletter":{"approved":false,"messageCount":1}}